1	128	Longest Consecutive Sequence			MEDIUM	https://leetcode.com/problems/longest-consecutive-sequence
2	1	Two Sum			EASY	https://leetcode.com/problems/two-sum
3	3	Longest Substring Without Repeating Characters			MEDIUM	https://leetcode.com/problems/longest-substring-without-repeating-characters
4	5	Longest Palindromic Substring			MEDIUM	https://leetcode.com/problems/longest-palindromic-substring
5	133	Clone Graph			MEDIUM	https://leetcode.com/problems/clone-graph
6	261	Graph Valid Tree			MEDIUM	https://leetcode.com/problems/graph-valid-tree
7	647	Palindromic Substrings			MEDIUM	https://leetcode.com/problems/palindromic-substrings
8	11	Container With Most Water			MEDIUM	https://leetcode.com/problems/container-with-most-water
9	139	Word Break			MEDIUM	https://leetcode.com/problems/word-break
10	141	Linked List Cycle			EASY	https://leetcode.com/problems/linked-list-cycle
11	268	Missing Number			EASY	https://leetcode.com/problems/missing-number
12	15	3Sum			MEDIUM	https://leetcode.com/problems/3sum
13	143	Reorder List			MEDIUM	https://leetcode.com/problems/reorder-list
14	269	Alien Dictionary			HARD	https://leetcode.com/problems/alien-dictionary
15	271	Encode and Decode Strings			MEDIUM	https://leetcode.com/problems/encode-and-decode-strings
16	19	Remove Nth Node From End of List			MEDIUM	https://leetcode.com/problems/remove-nth-node-from-end-of-list
17	20	Valid Parentheses			EASY	https://leetcode.com/problems/valid-parentheses
18	21	Merge Two Sorted Lists			EASY	https://leetcode.com/problems/merge-two-sorted-lists
19	23	Merge k Sorted Lists			HARD	https://leetcode.com/problems/merge-k-sorted-lists
20	152	Maximum Product Subarray			MEDIUM	https://leetcode.com/problems/maximum-product-subarray
21	153	Find Minimum in Rotated Sorted Array			MEDIUM	https://leetcode.com/problems/find-minimum-in-rotated-sorted-array
22	33	Search in Rotated Sorted Array			MEDIUM	https://leetcode.com/problems/search-in-rotated-sorted-array
23	417	Pacific Atlantic Water Flow			MEDIUM	https://leetcode.com/problems/pacific-atlantic-water-flow
24	39	Combination Sum			MEDIUM	https://leetcode.com/problems/combination-sum
25	295	Find Median from Data Stream			HARD	https://leetcode.com/problems/find-median-from-data-stream
26	424	Longest Repeating Character Replacement			MEDIUM	https://leetcode.com/problems/longest-repeating-character-replacement
27	300	Longest Increasing Subsequence			MEDIUM	https://leetcode.com/problems/longest-increasing-subsequence
28	48	Rotate Image			MEDIUM	https://leetcode.com/problems/rotate-image
29	49	Group Anagrams			MEDIUM	https://leetcode.com/problems/group-anagrams
30	435	Non-overlapping Intervals			MEDIUM	https://leetcode.com/problems/non-overlapping-intervals
31	53	Maximum Subarray			MEDIUM	https://leetcode.com/problems/maximum-subarray
32	54	Spiral Matrix			MEDIUM	https://leetcode.com/problems/spiral-matrix
33	55	Jump Game			MEDIUM	https://leetcode.com/problems/jump-game
34	56	Merge Intervals			MEDIUM	https://leetcode.com/problems/merge-intervals
35	57	Insert Interval			MEDIUM	https://leetcode.com/problems/insert-interval
36	572	Subtree of Another Tree			EASY	https://leetcode.com/problems/subtree-of-another-tree
37	62	Unique Paths			MEDIUM	https://leetcode.com/problems/unique-paths
38	190	Reverse Bits			EASY	https://leetcode.com/problems/reverse-bits
39	191	Number of 1 Bits			EASY	https://leetcode.com/problems/number-of-1-bits
40	449	Serialize and Deserialize BST			MEDIUM	https://leetcode.com/problems/serialize-and-deserialize-bst
41	322	Coin Change			MEDIUM	https://leetcode.com/problems/coin-change
42	323	Number of Connected Components in an Undirected Graph			MEDIUM	https://leetcode.com/problems/number-of-connected-components-in-an-undirected-graph
43	70	Climbing Stairs			EASY	https://leetcode.com/problems/climbing-stairs
44	198	House Robber			MEDIUM	https://leetcode.com/problems/house-robber
45	200	Number of Islands			MEDIUM	https://leetcode.com/problems/number-of-islands
46	73	Set Matrix Zeroes			MEDIUM	https://leetcode.com/problems/set-matrix-zeroes
47	76	Minimum Window Substring			HARD	https://leetcode.com/problems/minimum-window-substring
48	206	Reverse Linked List			EASY	https://leetcode.com/problems/reverse-linked-list
49	79	Word Search			MEDIUM	https://leetcode.com/problems/word-search
50	207	Course Schedule			MEDIUM	https://leetcode.com/problems/course-schedule
51	208	Implement Trie (Prefix Tree)			MEDIUM	https://leetcode.com/problems/implement-trie-prefix-tree
52	338	Counting Bits			EASY	https://leetcode.com/problems/counting-bits
53	211	Design Add and Search Words Data Structure			MEDIUM	https://leetcode.com/problems/design-add-and-search-words-data-structure
54	212	Word Search II			HARD	https://leetcode.com/problems/word-search-ii
55	213	House Robber II			MEDIUM	https://leetcode.com/problems/house-robber-ii
56	217	Contains Duplicate			EASY	https://leetcode.com/problems/contains-duplicate
57	91	Decode Ways			MEDIUM	https://leetcode.com/problems/decode-ways
58	347	Top K Frequent Elements			MEDIUM	https://leetcode.com/problems/top-k-frequent-elements
59	253	Meeting Rooms II			MEDIUM	https://leetcode.com/problems/meeting-rooms-ii
60	98	Validate Binary Search Tree			MEDIUM	https://leetcode.com/problems/validate-binary-search-tree
61	226	Invert Binary Tree			EASY	https://leetcode.com/problems/invert-binary-tree
62	100	Same Tree			EASY	https://leetcode.com/problems/same-tree
63	1250	Longest Common Subsequence			MEDIUM	https://leetcode.com/problems/longest-common-subsequence
64	102	Binary Tree Level Order Traversal			MEDIUM	https://leetcode.com/problems/binary-tree-level-order-traversal
65	230	Kth Smallest Element in a BST			MEDIUM	https://leetcode.com/problems/kth-smallest-element-in-a-bst
66	104	Maximum Depth of Binary Tree			EASY	https://leetcode.com/problems/maximum-depth-of-binary-tree
67	105	Construct Binary Tree from Preorder and Inorder Traversal			MEDIUM	https://leetcode.com/problems/construct-binary-tree-from-preorder-and-inorder-traversal
68	235	Lowest Common Ancestor of a Binary Search Tree			MEDIUM	https://leetcode.com/problems/lowest-common-ancestor-of-a-binary-search-tree
69	236	Lowest Common Ancestor of a Binary Tree			MEDIUM	https://leetcode.com/problems/lowest-common-ancestor-of-a-binary-tree
70	238	Product of Array Except Self			MEDIUM	https://leetcode.com/problems/product-of-array-except-self
71	242	Valid Anagram			EASY	https://leetcode.com/problems/valid-anagram
72	371	Sum of Two Integers			MEDIUM	https://leetcode.com/problems/sum-of-two-integers
73	252	Meeting Rooms			EASY	https://leetcode.com/problems/meeting-rooms
74	121	Best Time to Buy and Sell Stock			EASY	https://leetcode.com/problems/best-time-to-buy-and-sell-stock
75	124	Binary Tree Maximum Path Sum			HARD	https://leetcode.com/problems/binary-tree-maximum-path-sum
76	125	Valid Palindrome			EASY	https://leetcode.com/problems/valid-palindrome